<?xml version="1.0" encoding="UTF-8"?>
<!--
  ~ @author  Alexander Vakhovski (AlexWaha)
  ~ @link    https://alexwaha.com
  ~ @email   support@alexwaha.com
  ~ @license GPLv3
  -->
<modification>
    <name>alexwaha.com SMS Notify Omanager</name>
    <code>aw_sms_notify_omanager</code>
    <version>1.0</version>
    <author>alexwaha</author>
    <link>https://alexwaha.com</link>
    <file path="catalog/controller/api/omanager.php">
        <operation>
            <search>
                <![CDATA[$this->model_checkout_order->addOrderHistory($order_id, $this->request->post['order_status_id'], $comment, $this->request->post['notify'], $this->request->post['override']);]]></search>
            <add position="replace"><![CDATA[

                if($this->config->get('sms_notify_force')){
                    $send_sms = true;
                }else{
                    $send_sms = false;
                }

                $this->model_checkout_order->addOrderHistory($order_id, $this->request->post['order_status_id'], $comment, $this->request->post['notify'], $this->request->post['override'], $send_sms, false);]]>
            </add>
        </operation>
    </file>
</modification>
