<?xml version="1.0" encoding="UTF-8"?>
<!--
  ~ @author  Alexander Vakhovski (AlexWaha)
  ~ @link    https://alexwaha.com
  ~ @email   support@alexwaha.com
  ~ @license GPLv3
  -->
<modification>
    <name>alexwaha.com SMS Notify OrderPro</name>
    <code>alexwaha.com SMS Notify OrderPro</code>
    <version>1.0</version>
    <author>alexwaha</author>
    <link>https://alexwaha.com</link>
    <file path="admin/controller/sale/orderpro.php">
         <operation>
            <search><![CDATA[$data['entry_order_status'] = $this->language->get('entry_order_status');]]></search>
            <add position="after" index="1"><![CDATA[
            $data['entry_sendsms'] = $this->language->get('entry_sendsms');
            $data['text_no'] = $this->language->get('text_no');
            $data['text_yes'] = $this->language->get('text_yes');
            ]]>
            </add>
        </operation>
        <operation>
            <search><![CDATA[$this->response->setOutput($this->load->view('sale/orderpro/order_form', $data));]]></search>
            <add position="before"><![CDATA[
            $data['sms_notify_info'] = $this->load->controller('extension/module/aw_sms_notify/orderInfo');
            ]]>
            </add>
        </operation>
    </file>
    <file path="admin/language/ru-ru/sale/orderpro.php">
        <operation>
            <search><![CDATA[$_['column_order_id']]]></search>
            <add position="before"><![CDATA[
            $_['entry_sendsms'] = 'Отправить смс при смене статуса:';
            ]]>
            </add>
        </operation>
    </file>
    <file path="admin/language/en-gb/sale/order.php">
        <operation>
            <search><![CDATA[$_['column_order_id']]]></search>
            <add position="before"><![CDATA[
            $_['entry_sendsms'] = 'Send sms if order status change:';
            ]]>
            </add>
        </operation>
    </file>
    <file path="admin/view/template/sale/orderpro/order_form.twig">
        <operation>
            <search><![CDATA[<div class="row" id="order-history">]]></search>
            <add position="after" offset="1"><![CDATA[
				<div class="col-sm-12">
            	{{ sms_notify_info }}<input type="hidden" name="admin_order" value="1" />
				</div>
            	]]>
            </add>
        </operation>
    </file>
    <file path="admin/view/template/sale/orderpro/order_form.tpl">
        <operation>
            <search><![CDATA[<div class="row" id="order-history">]]></search>
            <add position="after" offset="1"><![CDATA[
                <div class="col-sm-12">
                <?php echo $sms_notify_info; ?><input type="hidden" name="admin_order" value="1" />
                </div>
                ]]>
            </add>
        </operation>
    </file>
</modification>