<?xml version="1.0" encoding="UTF-8"?>
<!--
  ~ @author  Alexander Vakhovski (AlexWaha)
  ~ @link    https://alexwaha.com
  ~ @email   support@alexwaha.com
  ~ @license GPLv3
  -->
<modification>
    <name>AlexWaha.com SMS Notify RuPhone suggestion</name>
    <code>aw_sms_ruphone_suggestion</code>
    <version>1.0</version>
    <author>alexwaha</author>
    <link>https://alexwaha.com</link>
    <file path="catalog/model/extension/module/aw_sms_notify.php">
        <operation>
            <search><![CDATA[private function sendMessage($phone, $message, $copy = false)]]></search>
            <add position="before"><![CDATA[
   private function validatePhoneRu($phone) {
        $phone = preg_replace('/[^0-9,]/', '', $phone);

        $part_1 = substr($phone,0,1);
        $part_2 = substr($phone,1,10);

        switch($part_1) {
            case '8':
            $result = "7" . $part_2;
            break;
            default:
            $result = $phone;
        }

        if (isset($result) && strlen($result) == 11) {
            $result = '+' . $result;
            return $result;
        }else{
            return false;
        }
    }
                ]]>
            </add>
        </operation>
        <operation>
            <search><![CDATA[$this->awCore->prepareNumber]]></search>
            <add position="replace"><![CDATA[$this->validatePhoneRu]]>
            </add>
        </operation>
    </file>
</modification>
