<?xml version="1.0" encoding="UTF-8"?>
<!--
  ~ @author  Alexander Vakhovski (AlexWaha)
  ~ @link    https://alexwaha.com
  ~ @email   support@alexwaha.com
  ~ @license GPLv3
  -->
<modification>
    <name>AlexWaha.com SMS Notify UaPhone suggestion</name>
    <code>aw_sms_uaphone_suggestion</code>
    <version>1.0</version>
    <author>alexwaha</author>
    <link>https://alexwaha.com</link>
    <file path="catalog/model/extension/module/aw_sms_notify.php">
        <operation>
            <search><![CDATA[private function sendMessage($phone, $message, $copy = false)]]></search>
            <add position="before"><![CDATA[
    private function validatePhoneUa($phone) {

        $phone = preg_replace("/[^0-9]/", '', $phone);

        $part_1 = substr($phone,0,2);
        $part_2 = substr($phone,0,3);

        switch($part_1) {
            case '80':
            $result = "3" . $phone;
            break;
        }

        switch($part_2) {
            case '039':
            case '050':
            case '063':
            case '066':
            case '067':
            case '068':
            case '073':
            case '091':
            case '092':
            case '093':
            case '094':
            case '095':
            case '096':
            case '097':
            case '098':
            case '099':
            $result = "38" . $phone;
            break;
            case '380':
            $result = $phone;
            break;
        }

        if (isset($result) && strlen($result) == 12) {
            return $result;
        }else{
            return false;
        }
    }
                ]]>
            </add>
        </operation>
        <operation>
            <search><![CDATA[$this->awCore->prepareNumber]]></search>
            <add position="replace"><![CDATA[$this->validatePhoneUa]]>
            </add>
        </operation>
    </file>
</modification>
