<?xml version="1.0" encoding="utf-8"?>
	<modification>
		<name>Justin API for alexwaha.com - SMS Notify</name>
		<code>justin-alexwaha.com-sms-notify</code>
		<version>1.0</version>
		<author>Prorab337</author>
		<link>https://oc-max.com</link>
		<file path="catalog/controller/extension/module/justin_cron.php">
    		<operation>
    			<search><![CDATA[, $notify]]></search>
    			<add position="replace"><![CDATA[, $notify, false, (isset($status_settings['customer_notification']) ? true : false), false]]></add>
    		</operation>
  		</file>
	</modification>