<?xml version="1.0" encoding="utf-8"?>
<modification>
    <name>Shipping Data Novaposhta for AW Easy Checkout</name>
    <code>sd_np_easy_checkout</code>
    <version>1.0</version>
    <author>alexwaha</author>
    <link>https://alexwaha.com</link>

    <file path="catalog/controller/checkout/aw_easy_checkout.php">
        <operation>
            <search><![CDATA['catalog/view/javascript/'.$this->moduleName.'/maska.min.js',]]></search>
            <add position="after"><![CDATA[
					'catalog/view/javascript/'.$this->moduleName.'/nv-shippingdata.js',
        		]]></add>
        </operation>
        <operation>
            <search><![CDATA['catalog/view/javascript/'.$this->moduleName.'/select2.min.css',]]></search>
            <add position="after"><![CDATA[
    				'catalog/view/theme/default/stylesheet/shippingdata.css',
        		]]></add>
        </operation>
    </file>

    <file path="catalog/view/theme/*/template/checkout/aw_easy_checkout/shipping_method.twig">
        <operation>
            <search><![CDATA[{% if quote.text is not empty %} - {{ quote.text }}{% endif %}]]></search>
            <add position="after"><![CDATA[
					{% if quote.text_period %}
						<span>{{ quote.text_period }}</span>
					{% endif %}
        		]]></add>
        </operation>
    </file>
</modification>
