{
  "UA": {
    "name": "Ukraine",
    "dial_code": "+380",
    "mask": "+38 (0##) ###-##-##"
  },
  "RU": {
    "name": "Russia",
    "dial_code": "+7",
    "mask": "+7 (###) ###-##-##"
  },
  "US": {
    "name": "United States",
    "dial_code": "+1",
    "mask": "+1 (###) ###-####"
  },
  "CA": {
    "name": "Canada",
    "dial_code": "+1",
    "mask": "+1 (###) ###-####"
  },
  "GB": {
    "name": "United Kingdom",
    "dial_code": "+44",
    "mask": "+44 ## #### ####"
  },
  "DE": {
    "name": "Germany",
    "dial_code": "+49",
    "mask": "+49 ### ########"
  },
  "FR": {
    "name": "France",
    "dial_code": "+33",
    "mask": "+33 # ## ## ## ##"
  },
  "IT": {
    "name": "Italy",
    "dial_code": "+39",
    "mask": "+39 ### ### ####"
  },
  "ES": {
    "name": "Spain",
    "dial_code": "+34",
    "mask": "+34 ### ## ## ##"
  },
  "PL": {
    "name": "Poland",
    "dial_code": "+48",
    "mask": "+48 ## ### ## ##"
  },
  "NL": {
    "name": "Netherlands",
    "dial_code": "+31",
    "mask": "+31 ## ### ####"
  },
  "BE": {
    "name": "Belgium",
    "dial_code": "+32",
    "mask": "+32 ### ## ## ##"
  },
  "CZ": {
    "name": "Czech Republic",
    "dial_code": "+420",
    "mask": "+420 ### ### ###"
  },
  "AT": {
    "name": "Austria",
    "dial_code": "+43",
    "mask": "+43 ### ######"
  },
  "CH": {
    "name": "Switzerland",
    "dial_code": "+41",
    "mask": "+41 ## ### ## ##"
  },
  "SE": {
    "name": "Sweden",
    "dial_code": "+46",
    "mask": "+46 ## ### ## ##"
  },
  "NO": {
    "name": "Norway",
    "dial_code": "+47",
    "mask": "+47 ### ## ###"
  },
  "DK": {
    "name": "Denmark",
    "dial_code": "+45",
    "mask": "+45 ## ## ## ##"
  },
  "FI": {
    "name": "Finland",
    "dial_code": "+358",
    "mask": "+358 ## ### ## ##"
  },
  "GR": {
    "name": "Greece",
    "dial_code": "+30",
    "mask": "+30 ### ### ####"
  },
  "PT": {
    "name": "Portugal",
    "dial_code": "+351",
    "mask": "+351 ### ### ###"
  },
  "IE": {
    "name": "Ireland",
    "dial_code": "+353",
    "mask": "+353 ## ### ####"
  },
  "RO": {
    "name": "Romania",
    "dial_code": "+40",
    "mask": "+40 ### ### ###"
  },
  "HU": {
    "name": "Hungary",
    "dial_code": "+36",
    "mask": "+36 ## ### ####"
  },
  "BG": {
    "name": "Bulgaria",
    "dial_code": "+359",
    "mask": "+359 ### ### ###"
  },
  "SK": {
    "name": "Slovakia",
    "dial_code": "+421",
    "mask": "+421 ### ### ###"
  },
  "HR": {
    "name": "Croatia",
    "dial_code": "+385",
    "mask": "+385 ## ### ####"
  },
  "SI": {
    "name": "Slovenia",
    "dial_code": "+386",
    "mask": "+386 ## ### ###"
  },
  "LT": {
    "name": "Lithuania",
    "dial_code": "+370",
    "mask": "+370 ### ## ###"
  },
  "LV": {
    "name": "Latvia",
    "dial_code": "+371",
    "mask": "+371 ## ### ###"
  },
  "EE": {
    "name": "Estonia",
    "dial_code": "+372",
    "mask": "+372 #### ####"
  },
  "BY": {
    "name": "Belarus",
    "dial_code": "+375",
    "mask": "+375 ## ###-##-##"
  },
  "MD": {
    "name": "Moldova",
    "dial_code": "+373",
    "mask": "+373 #### ####"
  },
  "AL": {
    "name": "Albania",
    "dial_code": "+355",
    "mask": "+355 ## ### ####"
  },
  "RS": {
    "name": "Serbia",
    "dial_code": "+381",
    "mask": "+381 ## ### ####"
  },
  "ME": {
    "name": "Montenegro",
    "dial_code": "+382",
    "mask": "+382 ## ### ###"
  },
  "MK": {
    "name": "North Macedonia",
    "dial_code": "+389",
    "mask": "+389 ## ### ###"
  },
  "BA": {
    "name": "Bosnia and Herzegovina",
    "dial_code": "+387",
    "mask": "+387 ## ####"
  },
  "TR": {
    "name": "Turkey",
    "dial_code": "+90",
    "mask": "+90 ### ### ## ##"
  },
  "IL": {
    "name": "Israel",
    "dial_code": "+972",
    "mask": "+972 ##-###-####"
  },
  "AE": {
    "name": "United Arab Emirates",
    "dial_code": "+971",
    "mask": "+971 ## ### ####"
  },
  "SA": {
    "name": "Saudi Arabia",
    "dial_code": "+966",
    "mask": "+966 ## ### ####"
  },
  "EG": {
    "name": "Egypt",
    "dial_code": "+20",
    "mask": "+20 ### ### ####"
  },
  "ZA": {
    "name": "South Africa",
    "dial_code": "+27",
    "mask": "+27 ## ### ####"
  },
  "NG": {
    "name": "Nigeria",
    "dial_code": "+234",
    "mask": "+234 ### ### ####"
  },
  "KE": {
    "name": "Kenya",
    "dial_code": "+254",
    "mask": "+254 ### ######"
  },
  "CN": {
    "name": "China",
    "dial_code": "+86",
    "mask": "+86 ### #### ####"
  },
  "JP": {
    "name": "Japan",
    "dial_code": "+81",
    "mask": "+81 ##-####-####"
  },
  "KR": {
    "name": "South Korea",
    "dial_code": "+82",
    "mask": "+82 ##-###-####"
  },
  "IN": {
    "name": "India",
    "dial_code": "+91",
    "mask": "+91 ##### #####"
  },
  "PK": {
    "name": "Pakistan",
    "dial_code": "+92",
    "mask": "+92 ### #######"
  },
  "BD": {
    "name": "Bangladesh",
    "dial_code": "+880",
    "mask": "+880 ####-######"
  },
  "TH": {
    "name": "Thailand",
    "dial_code": "+66",
    "mask": "+66 ##-###-####"
  },
  "VN": {
    "name": "Vietnam",
    "dial_code": "+84",
    "mask": "+84 ##-####-###"
  },
  "PH": {
    "name": "Philippines",
    "dial_code": "+63",
    "mask": "+63 ### ### ####"
  },
  "MY": {
    "name": "Malaysia",
    "dial_code": "+60",
    "mask": "+60 ##-### ####"
  },
  "SG": {
    "name": "Singapore",
    "dial_code": "+65",
    "mask": "+65 #### ####"
  },
  "ID": {
    "name": "Indonesia",
    "dial_code": "+62",
    "mask": "+62 ###-###-###"
  },
  "AU": {
    "name": "Australia",
    "dial_code": "+61",
    "mask": "+61 ### ### ###"
  },
  "NZ": {
    "name": "New Zealand",
    "dial_code": "+64",
    "mask": "+64 ##-###-####"
  },
  "BR": {
    "name": "Brazil",
    "dial_code": "+55",
    "mask": "+55 (##) #####-####"
  },
  "AR": {
    "name": "Argentina",
    "dial_code": "+54",
    "mask": "+54 ### ###-####"
  },
  "CL": {
    "name": "Chile",
    "dial_code": "+56",
    "mask": "+56 # #### ####"
  },
  "CO": {
    "name": "Colombia",
    "dial_code": "+57",
    "mask": "+57 ### ### ####"
  },
  "PE": {
    "name": "Peru",
    "dial_code": "+51",
    "mask": "+51 ### ### ###"
  },
  "VE": {
    "name": "Venezuela",
    "dial_code": "+58",
    "mask": "+58 ###-#######"
  },
  "MX": {
    "name": "Mexico",
    "dial_code": "+52",
    "mask": "+52 ### ### ####"
  },
  "KZ": {
    "name": "Kazakhstan",
    "dial_code": "+7",
    "mask": "+7 (###) ###-##-##"
  },
  "UZ": {
    "name": "Uzbekistan",
    "dial_code": "+998",
    "mask": "+998 ## ### ## ##"
  },
  "AZ": {
    "name": "Azerbaijan",
    "dial_code": "+994",
    "mask": "+994 ## ### ## ##"
  },
  "GE": {
    "name": "Georgia",
    "dial_code": "+995",
    "mask": "+995 ### ## ## ##"
  },
  "AM": {
    "name": "Armenia",
    "dial_code": "+374",
    "mask": "+374 ## ######"
  },
  "KG": {
    "name": "Kyrgyzstan",
    "dial_code": "+996",
    "mask": "+996 ### ######"
  },
  "TJ": {
    "name": "Tajikistan",
    "dial_code": "+992",
    "mask": "+992 ## ### ####"
  },
  "TM": {
    "name": "Turkmenistan",
    "dial_code": "+993",
    "mask": "+993 ## ######"
  },
  "AF": {
    "name": "Afghanistan",
    "dial_code": "+93",
    "mask": "+93 ## ### ####"
  },
  "IQ": {
    "name": "Iraq",
    "dial_code": "+964",
    "mask": "+964 ### ### ####"
  },
  "IR": {
    "name": "Iran",
    "dial_code": "+98",
    "mask": "+98 ### ### ####"
  },
  "SY": {
    "name": "Syria",
    "dial_code": "+963",
    "mask": "+963 ## #### ###"
  },
  "JO": {
    "name": "Jordan",
    "dial_code": "+962",
    "mask": "+962 # #### ####"
  },
  "LB": {
    "name": "Lebanon",
    "dial_code": "+961",
    "mask": "+961 ## ### ###"
  },
  "KW": {
    "name": "Kuwait",
    "dial_code": "+965",
    "mask": "+965 #### ####"
  },
  "QA": {
    "name": "Qatar",
    "dial_code": "+974",
    "mask": "+974 #### ####"
  },
  "BH": {
    "name": "Bahrain",
    "dial_code": "+973",
    "mask": "+973 #### ####"
  },
  "OM": {
    "name": "Oman",
    "dial_code": "+968",
    "mask": "+968 #### ####"
  },
  "YE": {
    "name": "Yemen",
    "dial_code": "+967",
    "mask": "+967 ### ### ###"
  },
  "LU": {
    "name": "Luxembourg",
    "dial_code": "+352",
    "mask": "+352 ### ### ###"
  },
  "MT": {
    "name": "Malta",
    "dial_code": "+356",
    "mask": "+356 #### ####"
  },
  "CY": {
    "name": "Cyprus",
    "dial_code": "+357",
    "mask": "+357 ## ######"
  },
  "IS": {
    "name": "Iceland",
    "dial_code": "+354",
    "mask": "+354 ### ####"
  },
  "MN": {
    "name": "Mongolia",
    "dial_code": "+976",
    "mask": "+976 #### ####"
  },
  "NP": {
    "name": "Nepal",
    "dial_code": "+977",
    "mask": "+977 ##-#######"
  },
  "LK": {
    "name": "Sri Lanka",
    "dial_code": "+94",
    "mask": "+94 ## ### ####"
  },
  "MM": {
    "name": "Myanmar",
    "dial_code": "+95",
    "mask": "+95 ### ### ###"
  },
  "KH": {
    "name": "Cambodia",
    "dial_code": "+855",
    "mask": "+855 ## ### ###"
  },
  "LA": {
    "name": "Laos",
    "dial_code": "+856",
    "mask": "+856 ## ### ###"
  },
  "BN": {
    "name": "Brunei",
    "dial_code": "+673",
    "mask": "+673 ### ####"
  },
  "TL": {
    "name": "Timor-Leste",
    "dial_code": "+670",
    "mask": "+670 ### ####"
  },
  "HK": {
    "name": "Hong Kong",
    "dial_code": "+852",
    "mask": "+852 #### ####"
  },
  "MO": {
    "name": "Macau",
    "dial_code": "+853",
    "mask": "+853 #### ####"
  },
  "TW": {
    "name": "Taiwan",
    "dial_code": "+886",
    "mask": "+886 #### ####"
  },
  "FJ": {
    "name": "Fiji",
    "dial_code": "+679",
    "mask": "+679 ### ####"
  },
  "PG": {
    "name": "Papua New Guinea",
    "dial_code": "+675",
    "mask": "+675 #### ####"
  },
  "EC": {
    "name": "Ecuador",
    "dial_code": "+593",
    "mask": "+593 ## ### ####"
  },
  "BO": {
    "name": "Bolivia",
    "dial_code": "+591",
    "mask": "+591 # ### ####"
  },
  "PY": {
    "name": "Paraguay",
    "dial_code": "+595",
    "mask": "+595 ### ######"
  },
  "UY": {
    "name": "Uruguay",
    "dial_code": "+598",
    "mask": "+598 ## ### ###"
  },
  "GY": {
    "name": "Guyana",
    "dial_code": "+592",
    "mask": "+592 ### ####"
  },
  "SR": {
    "name": "Suriname",
    "dial_code": "+597",
    "mask": "+597 ###-####"
  },
  "GF": {
    "name": "French Guiana",
    "dial_code": "+594",
    "mask": "+594 ##### ####"
  },
  "CR": {
    "name": "Costa Rica",
    "dial_code": "+506",
    "mask": "+506 #### ####"
  },
  "PA": {
    "name": "Panama",
    "dial_code": "+507",
    "mask": "+507 ####-####"
  },
  "GT": {
    "name": "Guatemala",
    "dial_code": "+502",
    "mask": "+502 #### ####"
  },
  "HN": {
    "name": "Honduras",
    "dial_code": "+504",
    "mask": "+504 ####-####"
  },
  "NI": {
    "name": "Nicaragua",
    "dial_code": "+505",
    "mask": "+505 #### ####"
  },
  "SV": {
    "name": "El Salvador",
    "dial_code": "+503",
    "mask": "+503 #### ####"
  },
  "BZ": {
    "name": "Belize",
    "dial_code": "+501",
    "mask": "+501 ###-####"
  },
  "CU": {
    "name": "Cuba",
    "dial_code": "+53",
    "mask": "+53 # ### ####"
  },
  "DO": {
    "name": "Dominican Republic",
    "dial_code": "+1",
    "mask": "+1 (###) ###-####"
  },
  "JM": {
    "name": "Jamaica",
    "dial_code": "+1",
    "mask": "+1 (###) ###-####"
  },
  "TT": {
    "name": "Trinidad and Tobago",
    "dial_code": "+1",
    "mask": "+1 (###) ###-####"
  },
  "HT": {
    "name": "Haiti",
    "dial_code": "+509",
    "mask": "+509 ## ## ####"
  },
  "PR": {
    "name": "Puerto Rico",
    "dial_code": "+1",
    "mask": "+1 (###) ###-####"
  },
  "MA": {
    "name": "Morocco",
    "dial_code": "+212",
    "mask": "+212 ##-####-###"
  },
  "DZ": {
    "name": "Algeria",
    "dial_code": "+213",
    "mask": "+213 ## ## ## ## ##"
  },
  "TN": {
    "name": "Tunisia",
    "dial_code": "+216",
    "mask": "+216 ## ### ###"
  },
  "LY": {
    "name": "Libya",
    "dial_code": "+218",
    "mask": "+218 ##-#######"
  },
  "SD": {
    "name": "Sudan",
    "dial_code": "+249",
    "mask": "+249 ## ### ####"
  },
  "ET": {
    "name": "Ethiopia",
    "dial_code": "+251",
    "mask": "+251 ## ### ####"
  },
  "SO": {
    "name": "Somalia",
    "dial_code": "+252",
    "mask": "+252 ## ### ###"
  },
  "DJ": {
    "name": "Djibouti",
    "dial_code": "+253",
    "mask": "+253 ## ## ## ##"
  },
  "UG": {
    "name": "Uganda",
    "dial_code": "+256",
    "mask": "+256 ### ######"
  },
  "TZ": {
    "name": "Tanzania",
    "dial_code": "+255",
    "mask": "+255 ## ### ####"
  },
  "RW": {
    "name": "Rwanda",
    "dial_code": "+250",
    "mask": "+250 ### ### ###"
  },
  "BI": {
    "name": "Burundi",
    "dial_code": "+257",
    "mask": "+257 ## ## ####"
  },
  "MZ": {
    "name": "Mozambique",
    "dial_code": "+258",
    "mask": "+258 ## ### ####"
  },
  "ZM": {
    "name": "Zambia",
    "dial_code": "+260",
    "mask": "+260 ## ### ####"
  },
  "MW": {
    "name": "Malawi",
    "dial_code": "+265",
    "mask": "+265 # #### ####"
  },
  "ZW": {
    "name": "Zimbabwe",
    "dial_code": "+263",
    "mask": "+263 ## ### ####"
  },
  "BW": {
    "name": "Botswana",
    "dial_code": "+267",
    "mask": "+267 ## ### ###"
  },
  "NA": {
    "name": "Namibia",
    "dial_code": "+264",
    "mask": "+264 ## ### ####"
  },
  "LS": {
    "name": "Lesotho",
    "dial_code": "+266",
    "mask": "+266 ## ### ###"
  },
  "SZ": {
    "name": "Eswatini",
    "dial_code": "+268",
    "mask": "+268 ## ## ####"
  },
  "GH": {
    "name": "Ghana",
    "dial_code": "+233",
    "mask": "+233 ## ### ####"
  },
  "SN": {
    "name": "Senegal",
    "dial_code": "+221",
    "mask": "+221 ## ### ## ##"
  },
  "CI": {
    "name": "Ivory Coast",
    "dial_code": "+225",
    "mask": "+225 ## ## ## ##"
  },
  "CM": {
    "name": "Cameroon",
    "dial_code": "+237",
    "mask": "+237 #### ####"
  },
  "AO": {
    "name": "Angola",
    "dial_code": "+244",
    "mask": "+244 ### ### ###"
  },
  "GA": {
    "name": "Gabon",
    "dial_code": "+241",
    "mask": "+241 ## ## ## ##"
  },
  "CG": {
    "name": "Congo",
    "dial_code": "+242",
    "mask": "+242 ## ### ####"
  },
  "CD": {
    "name": "DR Congo",
    "dial_code": "+243",
    "mask": "+243 ### ### ###"
  },
  "MG": {
    "name": "Madagascar",
    "dial_code": "+261",
    "mask": "+261 ## ## ### ##"
  },
  "MU": {
    "name": "Mauritius",
    "dial_code": "+230",
    "mask": "+230 #### ####"
  },
  "RE": {
    "name": "Réunion",
    "dial_code": "+262",
    "mask": "+262 ##### ####"
  },
  "SC": {
    "name": "Seychelles",
    "dial_code": "+248",
    "mask": "+248 # ### ###"
  },
  "MV": {
    "name": "Maldives",
    "dial_code": "+960",
    "mask": "+960 ###-####"
  }
}
